cell,cell_ontology_class,mouse.id,sex,age
A10_B002327,naive B cell,24_59_M,male,24m
A11_B002327,naive B cell,24_59_M,male,24m
A13_B002327,naive B cell,24_59_M,male,24m
A15_B002327,naive B cell,24_59_M,male,24m
A17_B002327,naive B cell,24_59_M,male,24m
A19_B002327,naive B cell,24_59_M,male,24m
A1_B002327,naive B cell,24_59_M,male,24m
A20_B002327,naive B cell,24_59_M,male,24m
A4_B002327,naive B cell,24_59_M,male,24m
A5_B002327,naive B cell,24_59_M,male,24m
A6_B002327,naive B cell,24_59_M,male,24m
A7_B002327,naive B cell,24_59_M,male,24m
A8_B002327,naive B cell,24_59_M,male,24m
A9_B002327,naive B cell,24_59_M,male,24m
B13_B002327,naive B cell,24_59_M,male,24m
B17_B002327,naive B cell,24_59_M,male,24m
B19_B002327,naive B cell,24_59_M,male,24m
B1_B002327,naive B cell,24_59_M,male,24m
B21_B002327,naive B cell,24_59_M,male,24m
B22_B002327,naive B cell,24_59_M,male,24m
B2_B002327,naive B cell,24_59_M,male,24m
B3_B002327,naive B cell,24_59_M,male,24m
B4_B002327,naive B cell,24_59_M,male,24m
B9_B002327,naive B cell,24_59_M,male,24m
C10_B002327,naive B cell,24_59_M,male,24m
C14_B002327,naive B cell,24_59_M,male,24m
C15_B002327,naive B cell,24_59_M,male,24m
C16_B002327,naive B cell,24_59_M,male,24m
C17_B002327,naive B cell,24_59_M,male,24m
C19_B002327,naive B cell,24_59_M,male,24m
C1_B002327,naive B cell,24_59_M,male,24m
C20_B002327,naive B cell,24_59_M,male,24m
C21_B002327,naive B cell,24_59_M,male,24m
C22_B002327,naive B cell,24_59_M,male,24m
C3_B002327,naive B cell,24_59_M,male,24m
C4_B002327,naive B cell,24_59_M,male,24m
C7_B002327,naive B cell,24_59_M,male,24m
C8_B002327,naive B cell,24_59_M,male,24m
D15_B002327,naive B cell,24_59_M,male,24m
D16_B002327,naive B cell,24_59_M,male,24m
D19_B002327,naive B cell,24_59_M,male,24m
D1_B002327,naive B cell,24_59_M,male,24m
D20_B002327,naive B cell,24_59_M,male,24m
D2_B002327,naive B cell,24_59_M,male,24m
D3_B002327,naive B cell,24_59_M,male,24m
D4_B002327,naive B cell,24_59_M,male,24m
D5_B002327,naive B cell,24_59_M,male,24m
D7_B002327,naive B cell,24_59_M,male,24m
D9_B002327,naive B cell,24_59_M,male,24m
E10_B002327,naive B cell,24_59_M,male,24m
E11_B002327,naive B cell,24_59_M,male,24m
E14_B002327,naive B cell,24_59_M,male,24m
E17_B002327,naive B cell,24_59_M,male,24m
E18_B002327,naive B cell,24_59_M,male,24m
E19_B002327,naive B cell,24_59_M,male,24m
E1_B002327,naive B cell,24_59_M,male,24m
E21_B002327,naive B cell,24_59_M,male,24m
E22_B002327,naive B cell,24_59_M,male,24m
E2_B002327,naive B cell,24_59_M,male,24m
E6_B002327,naive B cell,24_59_M,male,24m
F13_B002327,naive B cell,24_59_M,male,24m
F18_B002327,naive B cell,24_59_M,male,24m
F19_B002327,naive B cell,24_59_M,male,24m
F1_B002327,naive B cell,24_59_M,male,24m
F20_B002327,naive B cell,24_59_M,male,24m
F21_B002327,naive B cell,24_59_M,male,24m
F22_B002327,naive B cell,24_59_M,male,24m
F2_B002327,naive B cell,24_59_M,male,24m
F4_B002327,naive B cell,24_59_M,male,24m
F6_B002327,naive B cell,24_59_M,male,24m
F7_B002327,naive B cell,24_59_M,male,24m
F8_B002327,naive B cell,24_59_M,male,24m
F9_B002327,naive B cell,24_59_M,male,24m
G10_B002327,naive B cell,24_59_M,male,24m
G11_B002327,naive B cell,24_59_M,male,24m
G15_B002327,naive B cell,24_59_M,male,24m
G16_B002327,naive B cell,24_59_M,male,24m
G17_B002327,naive B cell,24_59_M,male,24m
G19_B002327,naive B cell,24_59_M,male,24m
G20_B002327,naive B cell,24_59_M,male,24m
G4_B002327,naive B cell,24_59_M,male,24m
G5_B002327,naive B cell,24_59_M,male,24m
G8_B002327,naive B cell,24_59_M,male,24m
G9_B002327,naive B cell,24_59_M,male,24m
H20_B002327,naive B cell,24_59_M,male,24m
H21_B002327,naive B cell,24_59_M,male,24m
H22_B002327,naive B cell,24_59_M,male,24m
H2_B002327,naive B cell,24_59_M,male,24m
H5_B002327,naive B cell,24_59_M,male,24m
H6_B002327,naive B cell,24_59_M,male,24m
H9_B002327,naive B cell,24_59_M,male,24m
I10_B002327,naive B cell,24_59_M,male,24m
I15_B002327,naive B cell,24_59_M,male,24m
I18_B002327,naive B cell,24_59_M,male,24m
I19_B002327,naive B cell,24_59_M,male,24m
I1_B002327,naive B cell,24_59_M,male,24m
I22_B002327,naive B cell,24_59_M,male,24m
I2_B002327,naive B cell,24_59_M,male,24m
I3_B002327,naive B cell,24_59_M,male,24m
I5_B002327,naive B cell,24_59_M,male,24m
I6_B002327,naive B cell,24_59_M,male,24m
I8_B002327,naive B cell,24_59_M,male,24m
J12_B002327,naive B cell,24_59_M,male,24m
J13_B002327,naive B cell,24_59_M,male,24m
J16_B002327,naive B cell,24_59_M,male,24m
J17_B002327,naive B cell,24_59_M,male,24m
J18_B002327,naive B cell,24_59_M,male,24m
J19_B002327,naive B cell,24_59_M,male,24m
J20_B002327,naive B cell,24_59_M,male,24m
J22_B002327,naive B cell,24_59_M,male,24m
J3_B002327,naive B cell,24_59_M,male,24m
J6_B002327,naive B cell,24_59_M,male,24m
J7_B002327,naive B cell,24_59_M,male,24m
J8_B002327,naive B cell,24_59_M,male,24m
K11_B002327,naive B cell,24_59_M,male,24m
K13_B002327,naive B cell,24_59_M,male,24m
K15_B002327,naive B cell,24_59_M,male,24m
K17_B002327,naive B cell,24_59_M,male,24m
K18_B002327,naive B cell,24_59_M,male,24m
K1_B002327,naive B cell,24_59_M,male,24m
K2_B002327,naive B cell,24_59_M,male,24m
K5_B002327,naive B cell,24_59_M,male,24m
K6_B002327,naive B cell,24_59_M,male,24m
K7_B002327,naive B cell,24_59_M,male,24m
K9_B002327,naive B cell,24_59_M,male,24m
L12_B002327,naive B cell,24_59_M,male,24m
L14_B002327,naive B cell,24_59_M,male,24m
L18_B002327,naive B cell,24_59_M,male,24m
L19_B002327,naive B cell,24_59_M,male,24m
L21_B002327,naive B cell,24_59_M,male,24m
L22_B002327,naive B cell,24_59_M,male,24m
L2_B002327,naive B cell,24_59_M,male,24m
L6_B002327,naive B cell,24_59_M,male,24m
L8_B002327,naive B cell,24_59_M,male,24m
L9_B002327,naive B cell,24_59_M,male,24m
M10_B002327,naive B cell,24_59_M,male,24m
M11_B002327,naive B cell,24_59_M,male,24m
M12_B002327,naive B cell,24_59_M,male,24m
M13_B002327,naive B cell,24_59_M,male,24m
M15_B002327,naive B cell,24_59_M,male,24m
M17_B002327,naive B cell,24_59_M,male,24m
M21_B002327,naive B cell,24_59_M,male,24m
M5_B002327,naive B cell,24_59_M,male,24m
M6_B002327,naive B cell,24_59_M,male,24m
M9_B002327,naive B cell,24_59_M,male,24m
N10_B002327,naive B cell,24_59_M,male,24m
N11_B002327,naive B cell,24_59_M,male,24m
N12_B002327,naive B cell,24_59_M,male,24m
N14_B002327,naive B cell,24_59_M,male,24m
N15_B002327,naive B cell,24_59_M,male,24m
N16_B002327,naive B cell,24_59_M,male,24m
N17_B002327,naive B cell,24_59_M,male,24m
N19_B002327,naive B cell,24_59_M,male,24m
N1_B002327,naive B cell,24_59_M,male,24m
N3_B002327,naive B cell,24_59_M,male,24m
N5_B002327,naive B cell,24_59_M,male,24m
N6_B002327,naive B cell,24_59_M,male,24m
N7_B002327,naive B cell,24_59_M,male,24m
N9_B002327,naive B cell,24_59_M,male,24m
O11_B002327,naive B cell,24_59_M,male,24m
O13_B002327,naive B cell,24_59_M,male,24m
O14_B002327,naive B cell,24_59_M,male,24m
O17_B002327,naive B cell,24_59_M,male,24m
O18_B002327,naive B cell,24_59_M,male,24m
O20_B002327,naive B cell,24_59_M,male,24m
O21_B002327,naive B cell,24_59_M,male,24m
O3_B002327,naive B cell,24_59_M,male,24m
O4_B002327,naive B cell,24_59_M,male,24m
O8_B002327,naive B cell,24_59_M,male,24m
P10_B002327,naive B cell,24_59_M,male,24m
P11_B002327,naive B cell,24_59_M,male,24m
P12_B002327,naive B cell,24_59_M,male,24m
P13_B002327,naive B cell,24_59_M,male,24m
P15_B002327,naive B cell,24_59_M,male,24m
P18_B002327,naive B cell,24_59_M,male,24m
P1_B002327,naive B cell,24_59_M,male,24m
P20_B002327,naive B cell,24_59_M,male,24m
P21_B002327,naive B cell,24_59_M,male,24m
P3_B002327,naive B cell,24_59_M,male,24m
P7_B002327,naive B cell,24_59_M,male,24m
P9_B002327,naive B cell,24_59_M,male,24m
A1_B002894,naive B cell,24_58_M,male,24m
A2_B002894,naive B cell,24_58_M,male,24m
B2_B002894,naive B cell,24_58_M,male,24m
C1_B002894,naive B cell,24_58_M,male,24m
C2_B002894,naive B cell,24_58_M,male,24m
C6_B001151,naive B cell,24_59_M,male,24m
D11_B002894,naive B cell,24_58_M,male,24m
D13_B002894,naive B cell,24_58_M,male,24m
D14_B002894,naive B cell,24_58_M,male,24m
D1_B002894,naive B cell,24_58_M,male,24m
D3_B002894,naive B cell,24_58_M,male,24m
D8_B002894,naive B cell,24_58_M,male,24m
E13_B002894,naive B cell,24_58_M,male,24m
E15_B002894,naive B cell,24_58_M,male,24m
E3_B002894,naive B cell,24_58_M,male,24m
E4_B002894,naive B cell,24_58_M,male,24m
E6_B002894,naive B cell,24_58_M,male,24m
F12_B002894,naive B cell,24_58_M,male,24m
F14_B002894,naive B cell,24_58_M,male,24m
F19_B002894,naive B cell,24_58_M,male,24m
F3_B002894,naive B cell,24_58_M,male,24m
F6_B001151,naive B cell,24_59_M,male,24m
F6_B002894,naive B cell,24_58_M,male,24m
F7_B002894,naive B cell,24_58_M,male,24m
G13_B002894,naive B cell,24_58_M,male,24m
G17_B002894,naive B cell,24_58_M,male,24m
G19_B002894,naive B cell,24_58_M,male,24m
G3_B001151,naive B cell,24_59_M,male,24m
G4_B002894,naive B cell,24_58_M,male,24m
G6_B002894,naive B cell,24_58_M,male,24m
G7_B002894,naive B cell,24_58_M,male,24m
G8_B001151,naive B cell,24_59_M,male,24m
G8_B002894,naive B cell,24_58_M,male,24m
H11_B002894,naive B cell,24_58_M,male,24m
H13_B002894,naive B cell,24_58_M,male,24m
H15_B002894,naive B cell,24_58_M,male,24m
H19_B002894,naive B cell,24_58_M,male,24m
H2_B002894,naive B cell,24_58_M,male,24m
H3_B002894,naive B cell,24_58_M,male,24m
H6_B002894,naive B cell,24_58_M,male,24m
H9_B002894,naive B cell,24_58_M,male,24m
I13_B002894,naive B cell,24_58_M,male,24m
I16_B002894,naive B cell,24_58_M,male,24m
I18_B002894,naive B cell,24_58_M,male,24m
I19_B002894,naive B cell,24_58_M,male,24m
I2_B001151,naive B cell,24_59_M,male,24m
I6_B002894,naive B cell,24_58_M,male,24m
J11_B002894,naive B cell,24_58_M,male,24m
J12_B002894,naive B cell,24_58_M,male,24m
J14_B002894,naive B cell,24_58_M,male,24m
J15_B002894,naive B cell,24_58_M,male,24m
J16_B002894,naive B cell,24_58_M,male,24m
J20_B002894,naive B cell,24_58_M,male,24m
J2_B002894,naive B cell,24_58_M,male,24m
J5_B001151,naive B cell,24_59_M,male,24m
J6_B002894,naive B cell,24_58_M,male,24m
J8_B002894,naive B cell,24_58_M,male,24m
K13_B002894,naive B cell,24_58_M,male,24m
K18_B002894,naive B cell,24_58_M,male,24m
K2_B002894,naive B cell,24_58_M,male,24m
K3_B002894,naive B cell,24_58_M,male,24m
K5_B002894,naive B cell,24_58_M,male,24m
K6_B002894,naive B cell,24_58_M,male,24m
K9_B002894,naive B cell,24_58_M,male,24m
L13_B002894,naive B cell,24_58_M,male,24m
L15_B002894,naive B cell,24_58_M,male,24m
L16_B002894,naive B cell,24_58_M,male,24m
L2_B002894,naive B cell,24_58_M,male,24m
L4_B002894,naive B cell,24_58_M,male,24m
L7_B002894,naive B cell,24_58_M,male,24m
L8_B002894,naive B cell,24_58_M,male,24m
M11_B002894,naive B cell,24_58_M,male,24m
M17_B002894,naive B cell,24_58_M,male,24m
M20_B002894,naive B cell,24_58_M,male,24m
M4_B002894,naive B cell,24_58_M,male,24m
N11_B001151,naive B cell,24_59_M,male,24m
N12_B002894,naive B cell,24_58_M,male,24m
N2_B001151,naive B cell,24_59_M,male,24m
O5_B001151,naive B cell,24_59_M,male,24m
A10_B003031,naive B cell,24_60_M,male,24m
A12_B000320,naive B cell,24_60_M,male,24m
A14_B000320,naive B cell,24_60_M,male,24m
A15_B000320,naive B cell,24_60_M,male,24m
A15_B003031,naive B cell,24_60_M,male,24m
A16_B000320,naive B cell,24_60_M,male,24m
A17_B000320,naive B cell,24_60_M,male,24m
A18_B000320,naive B cell,24_60_M,male,24m
A18_B002949,naive B cell,24_59_M,male,24m
A19_B000320,naive B cell,24_60_M,male,24m
A20_B000320,naive B cell,24_60_M,male,24m
A20_B002949,naive B cell,24_59_M,male,24m
A21_B003031,naive B cell,24_60_M,male,24m
A22_B000320,naive B cell,24_60_M,male,24m
A22_B003031,naive B cell,24_60_M,male,24m
A2_B000320,naive B cell,24_60_M,male,24m
A2_B002949,naive B cell,24_59_M,male,24m
A2_B003031,naive B cell,24_60_M,male,24m
A3_B000320,naive B cell,24_60_M,male,24m
A3_B002949,naive B cell,24_59_M,male,24m
A4_B000320,naive B cell,24_60_M,male,24m
A5_B003031,naive B cell,24_60_M,male,24m
A6_B000320,naive B cell,24_60_M,male,24m
A7_B000320,naive B cell,24_60_M,male,24m
A8_B000320,naive B cell,24_60_M,male,24m
A8_B003031,naive B cell,24_60_M,male,24m
A9_B003031,naive B cell,24_60_M,male,24m
B10_B000320,naive B cell,24_60_M,male,24m
B10_B003031,naive B cell,24_60_M,male,24m
B11_B000320,naive B cell,24_60_M,male,24m
B11_B002949,naive B cell,24_59_M,male,24m
B12_B000320,naive B cell,24_60_M,male,24m
B12_B002949,naive B cell,24_59_M,male,24m
B13_B000320,naive B cell,24_60_M,male,24m
B13_B002949,naive B cell,24_59_M,male,24m
B16_B000320,naive B cell,24_60_M,male,24m
B17_B000320,naive B cell,24_60_M,male,24m
B18_B000320,naive B cell,24_60_M,male,24m
B19_B000320,naive B cell,24_60_M,male,24m
B1_B000320,naive B cell,24_60_M,male,24m
B1_B003031,naive B cell,24_60_M,male,24m
B20_B000320,naive B cell,24_60_M,male,24m
B22_B000320,naive B cell,24_60_M,male,24m
B2_B000320,naive B cell,24_60_M,male,24m
B2_B002949,naive B cell,24_59_M,male,24m
B3_B000320,naive B cell,24_60_M,male,24m
B4_B000320,naive B cell,24_60_M,male,24m
B4_B000328,naive B cell,24_60_M,male,24m
B4_B003031,naive B cell,24_60_M,male,24m
B5_B000320,naive B cell,24_60_M,male,24m
B6_B000320,naive B cell,24_60_M,male,24m
B7_B000320,naive B cell,24_60_M,male,24m
B7_B003031,naive B cell,24_60_M,male,24m
B8_B000320,naive B cell,24_60_M,male,24m
B9_B002949,naive B cell,24_59_M,male,24m
C10_B000320,naive B cell,24_60_M,male,24m
C11_B000320,naive B cell,24_60_M,male,24m
C11_B002949,naive B cell,24_59_M,male,24m
C12_B002949,naive B cell,24_59_M,male,24m
C13_B000320,naive B cell,24_60_M,male,24m
C15_B000320,naive B cell,24_60_M,male,24m
C15_B003031,naive B cell,24_60_M,male,24m
C16_B000320,naive B cell,24_60_M,male,24m
C18_B000320,naive B cell,24_60_M,male,24m
C19_B000320,naive B cell,24_60_M,male,24m
C1_B000320,naive B cell,24_60_M,male,24m
C1_B003031,naive B cell,24_60_M,male,24m
C20_B000320,naive B cell,24_60_M,male,24m
C21_B000320,naive B cell,24_60_M,male,24m
C22_B000320,naive B cell,24_60_M,male,24m
C22_B002949,naive B cell,24_59_M,male,24m
C22_B003031,naive B cell,24_60_M,male,24m
C2_B003031,naive B cell,24_60_M,male,24m
C3_B000320,naive B cell,24_60_M,male,24m
C3_B002949,naive B cell,24_59_M,male,24m
C4_B000320,naive B cell,24_60_M,male,24m
C4_B003031,naive B cell,24_60_M,male,24m
C5_B000320,naive B cell,24_60_M,male,24m
C5_B003031,naive B cell,24_60_M,male,24m
C7_B000320,naive B cell,24_60_M,male,24m
C8_B000320,naive B cell,24_60_M,male,24m
C8_B000328,naive B cell,24_60_M,male,24m
C8_B002949,naive B cell,24_59_M,male,24m
C8_B003031,naive B cell,24_60_M,male,24m
C9_B000320,naive B cell,24_60_M,male,24m
C9_B003031,naive B cell,24_60_M,male,24m
D10_B000320,naive B cell,24_60_M,male,24m
D10_B002949,naive B cell,24_59_M,male,24m
D11_B000320,naive B cell,24_60_M,male,24m
D12_B000320,naive B cell,24_60_M,male,24m
D12_B003031,naive B cell,24_60_M,male,24m
D14_B000320,naive B cell,24_60_M,male,24m
D15_B000320,naive B cell,24_60_M,male,24m
D16_B000320,naive B cell,24_60_M,male,24m
D18_B000320,naive B cell,24_60_M,male,24m
D19_B000320,naive B cell,24_60_M,male,24m
D1_B000320,naive B cell,24_60_M,male,24m
D1_B002949,naive B cell,24_59_M,male,24m
D1_B003031,naive B cell,24_60_M,male,24m
D20_B002949,naive B cell,24_59_M,male,24m
D22_B000320,naive B cell,24_60_M,male,24m
D3_B000320,naive B cell,24_60_M,male,24m
D4_B002949,naive B cell,24_59_M,male,24m
D4_B003031,naive B cell,24_60_M,male,24m
D5_B000320,naive B cell,24_60_M,male,24m
D6_B000320,naive B cell,24_60_M,male,24m
D6_B003031,naive B cell,24_60_M,male,24m
D7_B000320,naive B cell,24_60_M,male,24m
D8_B002949,naive B cell,24_59_M,male,24m
E10_B000320,naive B cell,24_60_M,male,24m
E10_B002949,naive B cell,24_59_M,male,24m
E10_B003031,naive B cell,24_60_M,male,24m
E11_B000320,naive B cell,24_60_M,male,24m
E12_B000320,naive B cell,24_60_M,male,24m
E12_B003031,naive B cell,24_60_M,male,24m
E13_B000320,naive B cell,24_60_M,male,24m
E14_B000320,naive B cell,24_60_M,male,24m
E15_B000320,naive B cell,24_60_M,male,24m
E15_B003031,naive B cell,24_60_M,male,24m
E16_B002949,naive B cell,24_59_M,male,24m
E17_B000320,naive B cell,24_60_M,male,24m
E17_B003031,naive B cell,24_60_M,male,24m
E18_B000320,naive B cell,24_60_M,male,24m
E19_B000320,naive B cell,24_60_M,male,24m
E19_B002949,naive B cell,24_59_M,male,24m
E19_B003031,naive B cell,24_60_M,male,24m
E20_B000320,naive B cell,24_60_M,male,24m
E20_B002949,naive B cell,24_59_M,male,24m
E21_B000320,naive B cell,24_60_M,male,24m
E22_B000320,naive B cell,24_60_M,male,24m
E22_B002949,naive B cell,24_59_M,male,24m
E2_B000320,naive B cell,24_60_M,male,24m
E3_B002949,naive B cell,24_59_M,male,24m
E5_B003031,naive B cell,24_60_M,male,24m
E6_B000320,naive B cell,24_60_M,male,24m
E6_B002949,naive B cell,24_59_M,male,24m
E7_B000320,naive B cell,24_60_M,male,24m
E7_B002949,naive B cell,24_59_M,male,24m
E7_B003031,naive B cell,24_60_M,male,24m
E8_B002998,naive B cell,24_60_M,male,24m
E9_B002949,naive B cell,24_59_M,male,24m
F10_B000320,naive B cell,24_60_M,male,24m
F11_B000320,naive B cell,24_60_M,male,24m
F11_B002949,naive B cell,24_59_M,male,24m
F11_B003031,naive B cell,24_60_M,male,24m
F12_B000320,naive B cell,24_60_M,male,24m
F12_B003031,naive B cell,24_60_M,male,24m
F13_B000320,naive B cell,24_60_M,male,24m
F13_B003031,naive B cell,24_60_M,male,24m
F14_B002949,naive B cell,24_59_M,male,24m
F14_B003031,naive B cell,24_60_M,male,24m
F15_B000320,naive B cell,24_60_M,male,24m
F15_B002949,naive B cell,24_59_M,male,24m
F16_B000320,naive B cell,24_60_M,male,24m
F16_B002949,naive B cell,24_59_M,male,24m
F17_B000320,naive B cell,24_60_M,male,24m
F18_B000320,naive B cell,24_60_M,male,24m
F19_B000320,naive B cell,24_60_M,male,24m
F1_B000320,naive B cell,24_60_M,male,24m
F1_B002949,naive B cell,24_59_M,male,24m
F20_B003031,naive B cell,24_60_M,male,24m
F21_B002949,naive B cell,24_59_M,male,24m
F22_B000320,naive B cell,24_60_M,male,24m
F22_B002949,naive B cell,24_59_M,male,24m
F22_B003031,naive B cell,24_60_M,male,24m
F2_B000320,naive B cell,24_60_M,male,24m
F2_B003031,naive B cell,24_60_M,male,24m
F3_B003031,naive B cell,24_60_M,male,24m
F4_B000320,naive B cell,24_60_M,male,24m
F4_B003031,naive B cell,24_60_M,male,24m
F5_B000320,naive B cell,24_60_M,male,24m
F5_B003031,naive B cell,24_60_M,male,24m
F6_B000320,naive B cell,24_60_M,male,24m
F7_B003031,naive B cell,24_60_M,male,24m
F8_B000320,naive B cell,24_60_M,male,24m
F9_B000320,naive B cell,24_60_M,male,24m
F9_B002949,naive B cell,24_59_M,male,24m
F9_B003031,naive B cell,24_60_M,male,24m
G10_B003031,naive B cell,24_60_M,male,24m
G11_B000328,naive B cell,24_60_M,male,24m
G12_B000320,naive B cell,24_60_M,male,24m
G12_B002949,naive B cell,24_59_M,male,24m
G13_B000320,naive B cell,24_60_M,male,24m
G14_B000320,naive B cell,24_60_M,male,24m
G14_B003031,naive B cell,24_60_M,male,24m
G15_B002949,naive B cell,24_59_M,male,24m
G16_B000320,naive B cell,24_60_M,male,24m
G17_B000320,naive B cell,24_60_M,male,24m
G18_B000320,naive B cell,24_60_M,male,24m
G18_B003031,naive B cell,24_60_M,male,24m
G19_B000320,naive B cell,24_60_M,male,24m
G1_B000320,naive B cell,24_60_M,male,24m
G20_B000320,naive B cell,24_60_M,male,24m
G20_B003031,naive B cell,24_60_M,male,24m
G22_B000320,naive B cell,24_60_M,male,24m
G2_B000320,naive B cell,24_60_M,male,24m
G3_B000320,naive B cell,24_60_M,male,24m
G3_B000328,naive B cell,24_60_M,male,24m
G3_B003031,naive B cell,24_60_M,male,24m
G5_B000320,naive B cell,24_60_M,male,24m
G5_B000328,naive B cell,24_60_M,male,24m
G5_B002949,naive B cell,24_59_M,male,24m
G5_B003031,naive B cell,24_60_M,male,24m
G6_B000320,naive B cell,24_60_M,male,24m
G7_B003031,naive B cell,24_60_M,male,24m
G9_B000328,naive B cell,24_60_M,male,24m
H10_B000320,naive B cell,24_60_M,male,24m
H11_B000320,naive B cell,24_60_M,male,24m
H11_B002949,naive B cell,24_59_M,male,24m
H12_B002949,naive B cell,24_59_M,male,24m
H13_B000320,naive B cell,24_60_M,male,24m
H13_B003031,naive B cell,24_60_M,male,24m
H15_B000320,naive B cell,24_60_M,male,24m
H16_B000320,naive B cell,24_60_M,male,24m
H17_B000320,naive B cell,24_60_M,male,24m
H18_B000320,naive B cell,24_60_M,male,24m
H18_B002949,naive B cell,24_59_M,male,24m
H18_B003031,naive B cell,24_60_M,male,24m
H19_B000320,naive B cell,24_60_M,male,24m
H1_B000320,naive B cell,24_60_M,male,24m
H20_B000320,naive B cell,24_60_M,male,24m
H21_B000320,naive B cell,24_60_M,male,24m
H21_B003031,naive B cell,24_60_M,male,24m
H22_B003031,naive B cell,24_60_M,male,24m
H3_B000320,naive B cell,24_60_M,male,24m
H3_B002949,naive B cell,24_59_M,male,24m
H3_B003031,naive B cell,24_60_M,male,24m
H4_B000320,naive B cell,24_60_M,male,24m
H4_B002949,naive B cell,24_59_M,male,24m
H5_B000320,naive B cell,24_60_M,male,24m
H5_B003031,naive B cell,24_60_M,male,24m
H6_B002998,naive B cell,24_60_M,male,24m
H7_B000320,naive B cell,24_60_M,male,24m
H7_B003031,naive B cell,24_60_M,male,24m
H8_B000320,naive B cell,24_60_M,male,24m
H9_B000320,naive B cell,24_60_M,male,24m
I10_B000320,naive B cell,24_60_M,male,24m
I11_B000320,naive B cell,24_60_M,male,24m
I11_B002949,naive B cell,24_59_M,male,24m
I12_B002949,naive B cell,24_59_M,male,24m
I12_B003031,naive B cell,24_60_M,male,24m
I13_B000320,naive B cell,24_60_M,male,24m
I13_B003031,naive B cell,24_60_M,male,24m
I14_B002949,naive B cell,24_59_M,male,24m
I15_B000320,naive B cell,24_60_M,male,24m
I16_B000320,naive B cell,24_60_M,male,24m
I17_B000320,naive B cell,24_60_M,male,24m
I18_B000320,naive B cell,24_60_M,male,24m
I19_B000320,naive B cell,24_60_M,male,24m
I19_B002949,naive B cell,24_59_M,male,24m
I1_B000320,naive B cell,24_60_M,male,24m
I1_B002949,naive B cell,24_59_M,male,24m
I1_B003031,naive B cell,24_60_M,male,24m
I20_B002949,naive B cell,24_59_M,male,24m
I21_B000320,naive B cell,24_60_M,male,24m
I21_B002949,naive B cell,24_59_M,male,24m
I21_B003031,naive B cell,24_60_M,male,24m
I22_B002949,naive B cell,24_59_M,male,24m
I4_B002949,naive B cell,24_59_M,male,24m
I4_B003031,naive B cell,24_60_M,male,24m
I5_B000320,naive B cell,24_60_M,male,24m
I6_B000320,naive B cell,24_60_M,male,24m
I6_B002949,naive B cell,24_59_M,male,24m
I7_B000320,naive B cell,24_60_M,male,24m
I7_B002949,naive B cell,24_59_M,male,24m
I8_B000320,naive B cell,24_60_M,male,24m
I8_B002949,naive B cell,24_59_M,male,24m
I8_B003031,naive B cell,24_60_M,male,24m
I9_B000320,naive B cell,24_60_M,male,24m
J10_B003031,naive B cell,24_60_M,male,24m
J11_B000320,naive B cell,24_60_M,male,24m
J11_B003031,naive B cell,24_60_M,male,24m
J12_B000320,naive B cell,24_60_M,male,24m
J12_B002949,naive B cell,24_59_M,male,24m
J13_B000320,naive B cell,24_60_M,male,24m
J14_B002949,naive B cell,24_59_M,male,24m
J15_B000320,naive B cell,24_60_M,male,24m
J16_B000320,naive B cell,24_60_M,male,24m
J17_B000320,naive B cell,24_60_M,male,24m
J17_B002949,naive B cell,24_59_M,male,24m
J19_B003031,naive B cell,24_60_M,male,24m
J1_B000320,naive B cell,24_60_M,male,24m
J1_B003031,naive B cell,24_60_M,male,24m
J20_B000320,naive B cell,24_60_M,male,24m
J21_B000320,naive B cell,24_60_M,male,24m
J21_B002949,naive B cell,24_59_M,male,24m
J22_B000320,naive B cell,24_60_M,male,24m
J22_B002949,naive B cell,24_59_M,male,24m
J22_B003031,naive B cell,24_60_M,male,24m
J2_B002949,naive B cell,24_59_M,male,24m
J2_B003031,naive B cell,24_60_M,male,24m
J3_B000320,naive B cell,24_60_M,male,24m
J3_B002949,naive B cell,24_59_M,male,24m
J4_B000320,naive B cell,24_60_M,male,24m
J4_B002949,naive B cell,24_59_M,male,24m
J4_B003031,naive B cell,24_60_M,male,24m
J6_B000320,naive B cell,24_60_M,male,24m
J7_B000320,naive B cell,24_60_M,male,24m
J9_B003031,naive B cell,24_60_M,male,24m
K11_B003031,naive B cell,24_60_M,male,24m
K12_B000320,naive B cell,24_60_M,male,24m
K12_B003031,naive B cell,24_60_M,male,24m
K13_B000320,naive B cell,24_60_M,male,24m
K16_B000320,naive B cell,24_60_M,male,24m
K16_B002949,naive B cell,24_59_M,male,24m
K17_B002949,naive B cell,24_59_M,male,24m
K17_B003031,naive B cell,24_60_M,male,24m
K18_B000320,naive B cell,24_60_M,male,24m
K19_B000320,naive B cell,24_60_M,male,24m
K19_B002949,naive B cell,24_59_M,male,24m
K1_B000328,naive B cell,24_60_M,male,24m
K1_B002949,naive B cell,24_59_M,male,24m
K20_B000320,naive B cell,24_60_M,male,24m
K20_B003031,naive B cell,24_60_M,male,24m
K21_B000320,naive B cell,24_60_M,male,24m
K21_B002949,naive B cell,24_59_M,male,24m
K22_B002949,naive B cell,24_59_M,male,24m
K2_B002949,naive B cell,24_59_M,male,24m
K2_B003031,naive B cell,24_60_M,male,24m
K4_B002949,naive B cell,24_59_M,male,24m
K6_B000320,naive B cell,24_60_M,male,24m
K6_B002949,naive B cell,24_59_M,male,24m
K7_B000320,naive B cell,24_60_M,male,24m
K7_B002949,naive B cell,24_59_M,male,24m
K7_B003031,naive B cell,24_60_M,male,24m
K8_B002949,naive B cell,24_59_M,male,24m
K8_B003031,naive B cell,24_60_M,male,24m
K9_B003031,naive B cell,24_60_M,male,24m
L11_B000320,naive B cell,24_60_M,male,24m
L12_B000320,naive B cell,24_60_M,male,24m
L12_B003031,naive B cell,24_60_M,male,24m
L13_B000320,naive B cell,24_60_M,male,24m
L13_B002949,naive B cell,24_59_M,male,24m
L14_B000320,naive B cell,24_60_M,male,24m
L15_B000320,naive B cell,24_60_M,male,24m
L16_B000320,naive B cell,24_60_M,male,24m
L17_B000320,naive B cell,24_60_M,male,24m
L17_B002949,naive B cell,24_59_M,male,24m
L17_B003031,naive B cell,24_60_M,male,24m
L19_B000320,naive B cell,24_60_M,male,24m
L19_B002949,naive B cell,24_59_M,male,24m
L21_B000320,naive B cell,24_60_M,male,24m
L22_B000320,naive B cell,24_60_M,male,24m
L22_B002949,naive B cell,24_59_M,male,24m
L22_B003031,naive B cell,24_60_M,male,24m
L2_B000320,naive B cell,24_60_M,male,24m
L3_B000320,naive B cell,24_60_M,male,24m
L3_B003031,naive B cell,24_60_M,male,24m
L4_B000320,naive B cell,24_60_M,male,24m
L5_B000320,naive B cell,24_60_M,male,24m
L5_B002949,naive B cell,24_59_M,male,24m
L6_B000320,naive B cell,24_60_M,male,24m
L6_B003031,naive B cell,24_60_M,male,24m
L7_B000320,naive B cell,24_60_M,male,24m
L7_B002949,naive B cell,24_59_M,male,24m
L8_B000320,naive B cell,24_60_M,male,24m
L8_B003031,naive B cell,24_60_M,male,24m
L9_B000320,naive B cell,24_60_M,male,24m
M10_B000320,naive B cell,24_60_M,male,24m
M11_B002949,naive B cell,24_59_M,male,24m
M13_B000320,naive B cell,24_60_M,male,24m
M15_B000320,naive B cell,24_60_M,male,24m
M15_B002949,naive B cell,24_59_M,male,24m
M16_B002949,naive B cell,24_59_M,male,24m
M17_B000320,naive B cell,24_60_M,male,24m
M18_B003031,naive B cell,24_60_M,male,24m
M19_B000320,naive B cell,24_60_M,male,24m
M19_B002949,naive B cell,24_59_M,male,24m
M20_B000320,naive B cell,24_60_M,male,24m
M20_B002949,naive B cell,24_59_M,male,24m
M21_B002949,naive B cell,24_59_M,male,24m
M3_B000320,naive B cell,24_60_M,male,24m
M3_B003031,naive B cell,24_60_M,male,24m
M5_B000320,naive B cell,24_60_M,male,24m
M5_B002949,naive B cell,24_59_M,male,24m
M6_B000320,naive B cell,24_60_M,male,24m
M6_B002949,naive B cell,24_59_M,male,24m
M8_B000320,naive B cell,24_60_M,male,24m
N10_B000320,naive B cell,24_60_M,male,24m
N11_B000320,naive B cell,24_60_M,male,24m
N12_B000320,naive B cell,24_60_M,male,24m
N12_B003031,naive B cell,24_60_M,male,24m
N13_B003031,naive B cell,24_60_M,male,24m
N14_B000320,naive B cell,24_60_M,male,24m
N14_B003031,naive B cell,24_60_M,male,24m
N15_B000320,naive B cell,24_60_M,male,24m
N16_B000320,naive B cell,24_60_M,male,24m
N16_B002949,naive B cell,24_59_M,male,24m
N17_B000320,naive B cell,24_60_M,male,24m
N19_B000320,naive B cell,24_60_M,male,24m
N1_B000320,naive B cell,24_60_M,male,24m
N1_B002949,naive B cell,24_59_M,male,24m
N20_B000320,naive B cell,24_60_M,male,24m
N21_B000320,naive B cell,24_60_M,male,24m
N2_B000320,naive B cell,24_60_M,male,24m
N2_B002949,naive B cell,24_59_M,male,24m
N4_B000320,naive B cell,24_60_M,male,24m
N5_B000320,naive B cell,24_60_M,male,24m
N5_B002949,naive B cell,24_59_M,male,24m
N6_B000320,naive B cell,24_60_M,male,24m
N7_B000320,naive B cell,24_60_M,male,24m
N7_B002949,naive B cell,24_59_M,male,24m
N8_B000320,naive B cell,24_60_M,male,24m
N8_B002949,naive B cell,24_59_M,male,24m
N9_B000320,naive B cell,24_60_M,male,24m
O10_B000320,naive B cell,24_60_M,male,24m
O10_B002949,naive B cell,24_59_M,male,24m
O12_B000320,naive B cell,24_60_M,male,24m
O13_B000320,naive B cell,24_60_M,male,24m
O13_B002949,naive B cell,24_59_M,male,24m
O14_B000320,naive B cell,24_60_M,male,24m
O15_B000320,naive B cell,24_60_M,male,24m
O15_B002949,naive B cell,24_59_M,male,24m
O16_B000320,naive B cell,24_60_M,male,24m
O16_B002949,naive B cell,24_59_M,male,24m
O17_B000320,naive B cell,24_60_M,male,24m
O17_B002949,naive B cell,24_59_M,male,24m
O19_B000320,naive B cell,24_60_M,male,24m
O19_B003031,naive B cell,24_60_M,male,24m
O1_B000320,naive B cell,24_60_M,male,24m
O1_B002949,naive B cell,24_59_M,male,24m
O1_B003031,naive B cell,24_60_M,male,24m
O20_B002949,naive B cell,24_59_M,male,24m
O21_B000320,naive B cell,24_60_M,male,24m
O21_B002949,naive B cell,24_59_M,male,24m
O22_B000320,naive B cell,24_60_M,male,24m
O22_B003031,naive B cell,24_60_M,male,24m
O2_B000320,naive B cell,24_60_M,male,24m
O2_B003031,naive B cell,24_60_M,male,24m
O3_B002949,naive B cell,24_59_M,male,24m
O5_B000320,naive B cell,24_60_M,male,24m
O5_B002949,naive B cell,24_59_M,male,24m
O6_B000320,naive B cell,24_60_M,male,24m
O7_B000320,naive B cell,24_60_M,male,24m
O7_B003031,naive B cell,24_60_M,male,24m
O8_B002949,naive B cell,24_59_M,male,24m
O8_B003031,naive B cell,24_60_M,male,24m
O9_B002949,naive B cell,24_59_M,male,24m
P10_B000320,naive B cell,24_60_M,male,24m
P10_B003031,naive B cell,24_60_M,male,24m
P11_B000320,naive B cell,24_60_M,male,24m
P11_B002949,naive B cell,24_59_M,male,24m
P11_B003031,naive B cell,24_60_M,male,24m
P12_B000320,naive B cell,24_60_M,male,24m
P12_B002949,naive B cell,24_59_M,male,24m
P13_B000320,naive B cell,24_60_M,male,24m
P14_B000320,naive B cell,24_60_M,male,24m
P16_B000320,naive B cell,24_60_M,male,24m
P16_B003031,naive B cell,24_60_M,male,24m
P17_B000320,naive B cell,24_60_M,male,24m
P18_B000320,naive B cell,24_60_M,male,24m
P19_B000320,naive B cell,24_60_M,male,24m
P1_B000320,naive B cell,24_60_M,male,24m
P1_B002949,naive B cell,24_59_M,male,24m
P20_B000320,naive B cell,24_60_M,male,24m
P20_B003031,naive B cell,24_60_M,male,24m
P21_B000320,naive B cell,24_60_M,male,24m
P22_B000320,naive B cell,24_60_M,male,24m
P22_B002949,naive B cell,24_59_M,male,24m
P22_B003031,naive B cell,24_60_M,male,24m
P2_B000320,naive B cell,24_60_M,male,24m
P2_B003031,naive B cell,24_60_M,male,24m
P4_B000320,naive B cell,24_60_M,male,24m
P5_B000320,naive B cell,24_60_M,male,24m
P6_B000320,naive B cell,24_60_M,male,24m
P8_B000320,naive B cell,24_60_M,male,24m
A1_B002892,naive B cell,24_58_M,male,24m
A8_B002892,naive B cell,24_58_M,male,24m
B13_B002892,naive B cell,24_58_M,male,24m
B15_B002892,naive B cell,24_58_M,male,24m
B20_B002892,naive B cell,24_58_M,male,24m
B3_B002892,naive B cell,24_58_M,male,24m
B8_B002877,naive B cell,24_58_M,male,24m
B9_B002892,naive B cell,24_58_M,male,24m
C6_B002892,naive B cell,24_58_M,male,24m
C7_B002892,naive B cell,24_58_M,male,24m
D17_B002892,naive B cell,24_58_M,male,24m
E13_B002892,naive B cell,24_58_M,male,24m
E17_B002892,naive B cell,24_58_M,male,24m
E8_B002892,naive B cell,24_58_M,male,24m
F13_B002892,naive B cell,24_58_M,male,24m
F14_B002892,naive B cell,24_58_M,male,24m
F1_B002892,naive B cell,24_58_M,male,24m
F21_B002892,naive B cell,24_58_M,male,24m
F3_B002892,naive B cell,24_58_M,male,24m
F7_B002892,naive B cell,24_58_M,male,24m
F9_B002892,naive B cell,24_58_M,male,24m
G11_B002892,naive B cell,24_58_M,male,24m
G16_B002892,naive B cell,24_58_M,male,24m
G5_B002892,naive B cell,24_58_M,male,24m
G9_B002892,naive B cell,24_58_M,male,24m
H12_B002892,naive B cell,24_58_M,male,24m
H13_B002892,naive B cell,24_58_M,male,24m
I15_B002892,naive B cell,24_58_M,male,24m
I17_B002892,naive B cell,24_58_M,male,24m
I1_B002892,naive B cell,24_58_M,male,24m
I20_B002892,naive B cell,24_58_M,male,24m
J17_B002892,naive B cell,24_58_M,male,24m
J1_B002892,naive B cell,24_58_M,male,24m
J22_B002892,naive B cell,24_58_M,male,24m
J8_B002892,naive B cell,24_58_M,male,24m
K10_B002892,naive B cell,24_58_M,male,24m
K2_B002330,naive B cell,24_58_M,male,24m
K3_B002330,naive B cell,24_58_M,male,24m
K4_B002330,naive B cell,24_58_M,male,24m
K5_B002330,naive B cell,24_58_M,male,24m
K6_B002330,naive B cell,24_58_M,male,24m
K6_B002892,naive B cell,24_58_M,male,24m
L17_B002892,naive B cell,24_58_M,male,24m
L6_B002330,naive B cell,24_58_M,male,24m
L7_B002892,naive B cell,24_58_M,male,24m
M13_B002892,naive B cell,24_58_M,male,24m
M21_B002892,naive B cell,24_58_M,male,24m
N11_B002892,naive B cell,24_58_M,male,24m
N15_B002892,naive B cell,24_58_M,male,24m
N16_B002892,naive B cell,24_58_M,male,24m
N21_B002892,naive B cell,24_58_M,male,24m
N6_B002892,naive B cell,24_58_M,male,24m
O17_B002330,naive B cell,24_58_M,male,24m
O4_B002892,naive B cell,24_58_M,male,24m
P11_B002892,naive B cell,24_58_M,male,24m
P19_B002892,naive B cell,24_58_M,male,24m
P20_B002892,naive B cell,24_58_M,male,24m
P5_B002892,naive B cell,24_58_M,male,24m
A10.D042193.3_8_M.1.1,naive B cell,3_8_M,male,3m
A10.MAA000639.3_9_M.1.1,naive B cell,3_9_M,male,3m
A11.D042044.3_9_M.1.1,naive B cell,3_9_M,male,3m
A11.MAA000652.3_10_M.1.1,naive B cell,3_10_M,male,3m
A12.D042193.3_8_M.1.1,naive B cell,3_8_M,male,3m
A12.MAA000844.3_10_M.1.1,naive B cell,3_10_M,male,3m
A14.D042044.3_9_M.1.1,naive B cell,3_9_M,male,3m
A14.D042193.3_8_M.1.1,naive B cell,3_8_M,male,3m
A15.D042193.3_8_M.1.1,naive B cell,3_8_M,male,3m
A15.MAA000652.3_10_M.1.1,naive B cell,3_10_M,male,3m
A16.D042193.3_8_M.1.1,naive B cell,3_8_M,male,3m
A16.D042479.3_8_M.1.1,naive B cell,3_8_M,male,3m
A16.MAA000652.3_10_M.1.1,naive B cell,3_10_M,male,3m
A16.MAA000844.3_10_M.1.1,naive B cell,3_10_M,male,3m
A17.D042193.3_8_M.1.1,naive B cell,3_8_M,male,3m
A17.D042479.3_8_M.1.1,naive B cell,3_8_M,male,3m
A18.D042479.3_8_M.1.1,naive B cell,3_8_M,male,3m
A18.MAA000844.3_10_M.1.1,naive B cell,3_10_M,male,3m
A2.MAA000844.3_10_M.1.1,naive B cell,3_10_M,male,3m
A21.MAA000844.3_10_M.1.1,naive B cell,3_10_M,male,3m
A3.D042044.3_9_M.1.1,naive B cell,3_9_M,male,3m
A3.D042479.3_8_M.1.1,naive B cell,3_8_M,male,3m
A3.MAA000844.3_10_M.1.1,naive B cell,3_10_M,male,3m
A5.D042044.3_9_M.1.1,naive B cell,3_9_M,male,3m
A5.MAA000652.3_10_M.1.1,naive B cell,3_10_M,male,3m
A7.D042044.3_9_M.1.1,naive B cell,3_9_M,male,3m
A7.MAA000652.3_10_M.1.1,naive B cell,3_10_M,male,3m
A8.D042044.3_9_M.1.1,naive B cell,3_9_M,male,3m
B11.D042193.3_8_M.1.1,naive B cell,3_8_M,male,3m
B11.MAA000652.3_10_M.1.1,naive B cell,3_10_M,male,3m
B12.MAA000652.3_10_M.1.1,naive B cell,3_10_M,male,3m
B13.D042479.3_8_M.1.1,naive B cell,3_8_M,male,3m
B13.MAA000844.3_10_M.1.1,naive B cell,3_10_M,male,3m
B14.D042044.3_9_M.1.1,naive B cell,3_9_M,male,3m
B14.MAA000652.3_10_M.1.1,naive B cell,3_10_M,male,3m
B17.D042479.3_8_M.1.1,naive B cell,3_8_M,male,3m
B19.D042044.3_9_M.1.1,naive B cell,3_9_M,male,3m
B19.MAA000652.3_10_M.1.1,naive B cell,3_10_M,male,3m
B2.D042479.3_8_M.1.1,naive B cell,3_8_M,male,3m
B20.D042193.3_8_M.1.1,naive B cell,3_8_M,male,3m
B21.D042193.3_8_M.1.1,naive B cell,3_8_M,male,3m
B22.D042193.3_8_M.1.1,naive B cell,3_8_M,male,3m
B4.MAA000844.3_10_M.1.1,naive B cell,3_10_M,male,3m
B5.D042193.3_8_M.1.1,naive B cell,3_8_M,male,3m
B7.D042044.3_9_M.1.1,naive B cell,3_9_M,male,3m
B7.D042193.3_8_M.1.1,naive B cell,3_8_M,male,3m
B8.MAA000652.3_10_M.1.1,naive B cell,3_10_M,male,3m
B9.D042044.3_9_M.1.1,naive B cell,3_9_M,male,3m
C1.D042044.3_9_M.1.1,naive B cell,3_9_M,male,3m
C10.D042193.3_8_M.1.1,naive B cell,3_8_M,male,3m
C10.D042479.3_8_M.1.1,naive B cell,3_8_M,male,3m
C11.D042193.3_8_M.1.1,naive B cell,3_8_M,male,3m
C14.D042044.3_9_M.1.1,naive B cell,3_9_M,male,3m
C15.MAA000844.3_10_M.1.1,naive B cell,3_10_M,male,3m
C16.D042193.3_8_M.1.1,naive B cell,3_8_M,male,3m
C16.MAA000844.3_10_M.1.1,naive B cell,3_10_M,male,3m
C18.MAA000844.3_10_M.1.1,naive B cell,3_10_M,male,3m
C19.D042193.3_8_M.1.1,naive B cell,3_8_M,male,3m
C19.D042467.3_9_M.1.1,naive B cell,3_9_M,male,3m
C2.D042044.3_9_M.1.1,naive B cell,3_9_M,male,3m
C21.D042479.3_8_M.1.1,naive B cell,3_8_M,male,3m
C22.D042193.3_8_M.1.1,naive B cell,3_8_M,male,3m
C3.MAA000844.3_10_M.1.1,naive B cell,3_10_M,male,3m
C4.MAA000844.3_10_M.1.1,naive B cell,3_10_M,male,3m
C5.MAA000652.3_10_M.1.1,naive B cell,3_10_M,male,3m
C6.D042479.3_8_M.1.1,naive B cell,3_8_M,male,3m
C9.D042193.3_8_M.1.1,naive B cell,3_8_M,male,3m
D10.D042193.3_8_M.1.1,naive B cell,3_8_M,male,3m
D12.D042044.3_9_M.1.1,naive B cell,3_9_M,male,3m
D12.D042193.3_8_M.1.1,naive B cell,3_8_M,male,3m
D12.MAA000652.3_10_M.1.1,naive B cell,3_10_M,male,3m
D13.D042479.3_8_M.1.1,naive B cell,3_8_M,male,3m
D14.MAA000844.3_10_M.1.1,naive B cell,3_10_M,male,3m
D15.MAA000844.3_10_M.1.1,naive B cell,3_10_M,male,3m
D16.D042044.3_9_M.1.1,naive B cell,3_9_M,male,3m
D16.D042467.3_9_M.1.1,naive B cell,3_9_M,male,3m
D16.MAA000844.3_10_M.1.1,naive B cell,3_10_M,male,3m
D17.D042479.3_8_M.1.1,naive B cell,3_8_M,male,3m
D17.MAA000652.3_10_M.1.1,naive B cell,3_10_M,male,3m
D19.D042467.3_9_M.1.1,naive B cell,3_9_M,male,3m
D2.D042193.3_8_M.1.1,naive B cell,3_8_M,male,3m
D20.D042044.3_9_M.1.1,naive B cell,3_9_M,male,3m
D20.D042467.3_9_M.1.1,naive B cell,3_9_M,male,3m
D22.D042044.3_9_M.1.1,naive B cell,3_9_M,male,3m
D22.MAA000844.3_10_M.1.1,naive B cell,3_10_M,male,3m
D3.MAA000652.3_10_M.1.1,naive B cell,3_10_M,male,3m
D5.D042193.3_8_M.1.1,naive B cell,3_8_M,male,3m
D6.D042044.3_9_M.1.1,naive B cell,3_9_M,male,3m
D7.D042193.3_8_M.1.1,naive B cell,3_8_M,male,3m
D8.D042044.3_9_M.1.1,naive B cell,3_9_M,male,3m
E1.D042193.3_8_M.1.1,naive B cell,3_8_M,male,3m
E10.D041912.3_8_M.1.1,naive B cell,3_8_M,male,3m
E13.D042193.3_8_M.1.1,naive B cell,3_8_M,male,3m
E13.D042467.3_9_M.1.1,naive B cell,3_9_M,male,3m
E15.D042193.3_8_M.1.1,naive B cell,3_8_M,male,3m
E15.MAA000652.3_10_M.1.1,naive B cell,3_10_M,male,3m
E17.D042044.3_9_M.1.1,naive B cell,3_9_M,male,3m
E18.D042044.3_9_M.1.1,naive B cell,3_9_M,male,3m
E18.D042193.3_8_M.1.1,naive B cell,3_8_M,male,3m
E19.D042193.3_8_M.1.1,naive B cell,3_8_M,male,3m
E2.D042479.3_8_M.1.1,naive B cell,3_8_M,male,3m
E4.D042044.3_9_M.1.1,naive B cell,3_9_M,male,3m
E5.D042044.3_9_M.1.1,naive B cell,3_9_M,male,3m
E5.D042193.3_8_M.1.1,naive B cell,3_8_M,male,3m
E6.D042193.3_8_M.1.1,naive B cell,3_8_M,male,3m
E8.D042467.3_9_M.1.1,naive B cell,3_9_M,male,3m
E9.D042193.3_8_M.1.1,naive B cell,3_8_M,male,3m
F1.D042044.3_9_M.1.1,naive B cell,3_9_M,male,3m
F1.D042479.3_8_M.1.1,naive B cell,3_8_M,male,3m
F1.MAA000844.3_10_M.1.1,naive B cell,3_10_M,male,3m
F11.D042044.3_9_M.1.1,naive B cell,3_9_M,male,3m
F12.D042044.3_9_M.1.1,naive B cell,3_9_M,male,3m
F13.D042193.3_8_M.1.1,naive B cell,3_8_M,male,3m
F13.MAA000844.3_10_M.1.1,naive B cell,3_10_M,male,3m
F16.D042479.3_8_M.1.1,naive B cell,3_8_M,male,3m
F16.MAA000844.3_10_M.1.1,naive B cell,3_10_M,male,3m
F17.D042044.3_9_M.1.1,naive B cell,3_9_M,male,3m
F17.MAA000652.3_10_M.1.1,naive B cell,3_10_M,male,3m
F18.MAA000652.3_10_M.1.1,naive B cell,3_10_M,male,3m
F19.MAA000652.3_10_M.1.1,naive B cell,3_10_M,male,3m
F19.MAA000844.3_10_M.1.1,naive B cell,3_10_M,male,3m
F2.D042044.3_9_M.1.1,naive B cell,3_9_M,male,3m
F2.D042479.3_8_M.1.1,naive B cell,3_8_M,male,3m
F22.D042193.3_8_M.1.1,naive B cell,3_8_M,male,3m
F3.MAA000844.3_10_M.1.1,naive B cell,3_10_M,male,3m
F5.D042044.3_9_M.1.1,naive B cell,3_9_M,male,3m
F5.D042479.3_8_M.1.1,naive B cell,3_8_M,male,3m
F6.MAA000639.3_9_M.1.1,naive B cell,3_9_M,male,3m
F7.D042044.3_9_M.1.1,naive B cell,3_9_M,male,3m
F7.D042193.3_8_M.1.1,naive B cell,3_8_M,male,3m
F8.D042044.3_9_M.1.1,naive B cell,3_9_M,male,3m
F9.D042193.3_8_M.1.1,naive B cell,3_8_M,male,3m
F9.D042479.3_8_M.1.1,naive B cell,3_8_M,male,3m
G1.D042193.3_8_M.1.1,naive B cell,3_8_M,male,3m
G1.MAA000652.3_10_M.1.1,naive B cell,3_10_M,male,3m
G11.D042044.3_9_M.1.1,naive B cell,3_9_M,male,3m
G11.D042467.3_9_M.1.1,naive B cell,3_9_M,male,3m
G12.D042193.3_8_M.1.1,naive B cell,3_8_M,male,3m
G14.D042467.3_9_M.1.1,naive B cell,3_9_M,male,3m
G16.D042044.3_9_M.1.1,naive B cell,3_9_M,male,3m
G16.D042479.3_8_M.1.1,naive B cell,3_8_M,male,3m
G16.MAA000844.3_10_M.1.1,naive B cell,3_10_M,male,3m
G18.D042193.3_8_M.1.1,naive B cell,3_8_M,male,3m
G18.D042479.3_8_M.1.1,naive B cell,3_8_M,male,3m
G19.D042193.3_8_M.1.1,naive B cell,3_8_M,male,3m
G19.D042467.3_9_M.1.1,naive B cell,3_9_M,male,3m
G19.D042479.3_8_M.1.1,naive B cell,3_8_M,male,3m
G22.D041912.3_8_M.1.1,naive B cell,3_8_M,male,3m
G22.D042044.3_9_M.1.1,naive B cell,3_9_M,male,3m
G22.D042193.3_8_M.1.1,naive B cell,3_8_M,male,3m
G22.MAA000600.3_8_M.1.1,naive B cell,3_8_M,male,3m
G3.D042044.3_9_M.1.1,naive B cell,3_9_M,male,3m
G4.D042193.3_8_M.1.1,naive B cell,3_8_M,male,3m
G4.D042479.3_8_M.1.1,naive B cell,3_8_M,male,3m
G4.MAA000844.3_10_M.1.1,naive B cell,3_10_M,male,3m
G5.MAA000844.3_10_M.1.1,naive B cell,3_10_M,male,3m
G6.D042044.3_9_M.1.1,naive B cell,3_9_M,male,3m
G6.D042193.3_8_M.1.1,naive B cell,3_8_M,male,3m
G7.D042044.3_9_M.1.1,naive B cell,3_9_M,male,3m
G8.D042193.3_8_M.1.1,naive B cell,3_8_M,male,3m
G8.MAA000600.3_8_M.1.1,naive B cell,3_8_M,male,3m
G9.D042044.3_9_M.1.1,naive B cell,3_9_M,male,3m
G9.D042193.3_8_M.1.1,naive B cell,3_8_M,male,3m
H1.D042044.3_9_M.1.1,naive B cell,3_9_M,male,3m
H11.D042044.3_9_M.1.1,naive B cell,3_9_M,male,3m
H12.D042044.3_9_M.1.1,naive B cell,3_9_M,male,3m
H14.D042044.3_9_M.1.1,naive B cell,3_9_M,male,3m
H14.D042193.3_8_M.1.1,naive B cell,3_8_M,male,3m
H15.D042044.3_9_M.1.1,naive B cell,3_9_M,male,3m
H15.D042479.3_8_M.1.1,naive B cell,3_8_M,male,3m
H17.D042044.3_9_M.1.1,naive B cell,3_9_M,male,3m
H2.D042479.3_8_M.1.1,naive B cell,3_8_M,male,3m
H2.MAA000652.3_10_M.1.1,naive B cell,3_10_M,male,3m
H20.MAA000844.3_10_M.1.1,naive B cell,3_10_M,male,3m
H21.MAA000844.3_10_M.1.1,naive B cell,3_10_M,male,3m
H22.D042193.3_8_M.1.1,naive B cell,3_8_M,male,3m
H4.D042044.3_9_M.1.1,naive B cell,3_9_M,male,3m
H5.D042193.3_8_M.1.1,naive B cell,3_8_M,male,3m
H6.D042044.3_9_M.1.1,naive B cell,3_9_M,male,3m
H6.MAA000652.3_10_M.1.1,naive B cell,3_10_M,male,3m
H7.MAA000652.3_10_M.1.1,naive B cell,3_10_M,male,3m
H8.D042193.3_8_M.1.1,naive B cell,3_8_M,male,3m
H8.D042479.3_8_M.1.1,naive B cell,3_8_M,male,3m
H9.D042193.3_8_M.1.1,naive B cell,3_8_M,male,3m
H9.MAA000652.3_10_M.1.1,naive B cell,3_10_M,male,3m
I1.D042193.3_8_M.1.1,naive B cell,3_8_M,male,3m
I1.D042479.3_8_M.1.1,naive B cell,3_8_M,male,3m
I11.D042193.3_8_M.1.1,naive B cell,3_8_M,male,3m
I11.D042467.3_9_M.1.1,naive B cell,3_9_M,male,3m
I13.D042467.3_9_M.1.1,naive B cell,3_9_M,male,3m
I13.MAA000844.3_10_M.1.1,naive B cell,3_10_M,male,3m
I14.D042467.3_9_M.1.1,naive B cell,3_9_M,male,3m
I14.MAA000652.3_10_M.1.1,naive B cell,3_10_M,male,3m
I15.D042193.3_8_M.1.1,naive B cell,3_8_M,male,3m
I18.D042193.3_8_M.1.1,naive B cell,3_8_M,male,3m
I18.D042467.3_9_M.1.1,naive B cell,3_9_M,male,3m
I18.MAA000652.3_10_M.1.1,naive B cell,3_10_M,male,3m
I19.D042044.3_9_M.1.1,naive B cell,3_9_M,male,3m
I19.D042479.3_8_M.1.1,naive B cell,3_8_M,male,3m
I21.D042479.3_8_M.1.1,naive B cell,3_8_M,male,3m
I21.MAA000844.3_10_M.1.1,naive B cell,3_10_M,male,3m
I22.D042467.3_9_M.1.1,naive B cell,3_9_M,male,3m
I22.D042479.3_8_M.1.1,naive B cell,3_8_M,male,3m
I3.D042044.3_9_M.1.1,naive B cell,3_9_M,male,3m
I3.D042479.3_8_M.1.1,naive B cell,3_8_M,male,3m
I4.D042193.3_8_M.1.1,naive B cell,3_8_M,male,3m
I5.D042479.3_8_M.1.1,naive B cell,3_8_M,male,3m
I6.D042193.3_8_M.1.1,naive B cell,3_8_M,male,3m
I7.D042193.3_8_M.1.1,naive B cell,3_8_M,male,3m
I8.D042044.3_9_M.1.1,naive B cell,3_9_M,male,3m
I8.D042193.3_8_M.1.1,naive B cell,3_8_M,male,3m
I8.MAA000844.3_10_M.1.1,naive B cell,3_10_M,male,3m
I9.D042467.3_9_M.1.1,naive B cell,3_9_M,male,3m
J10.D042044.3_9_M.1.1,naive B cell,3_9_M,male,3m
J10.D042467.3_9_M.1.1,naive B cell,3_9_M,male,3m
J11.D042044.3_9_M.1.1,naive B cell,3_9_M,male,3m
J12.D042044.3_9_M.1.1,naive B cell,3_9_M,male,3m
J12.D042193.3_8_M.1.1,naive B cell,3_8_M,male,3m
J13.D042044.3_9_M.1.1,naive B cell,3_9_M,male,3m
J13.D042467.3_9_M.1.1,naive B cell,3_9_M,male,3m
J14.D042467.3_9_M.1.1,naive B cell,3_9_M,male,3m
J14.D042479.3_8_M.1.1,naive B cell,3_8_M,male,3m
J15.D042467.3_9_M.1.1,naive B cell,3_9_M,male,3m
J16.D042193.3_8_M.1.1,naive B cell,3_8_M,male,3m
J16.D042467.3_9_M.1.1,naive B cell,3_9_M,male,3m
J17.D042193.3_8_M.1.1,naive B cell,3_8_M,male,3m
J17.MAA000844.3_10_M.1.1,naive B cell,3_10_M,male,3m
J18.MAA000844.3_10_M.1.1,naive B cell,3_10_M,male,3m
J19.D042467.3_9_M.1.1,naive B cell,3_9_M,male,3m
J2.D042044.3_9_M.1.1,naive B cell,3_9_M,male,3m
J21.D042044.3_9_M.1.1,naive B cell,3_9_M,male,3m
J21.MAA000652.3_10_M.1.1,naive B cell,3_10_M,male,3m
J22.D042044.3_9_M.1.1,naive B cell,3_9_M,male,3m
J3.D042044.3_9_M.1.1,naive B cell,3_9_M,male,3m
J3.D042479.3_8_M.1.1,naive B cell,3_8_M,male,3m
J4.D042193.3_8_M.1.1,naive B cell,3_8_M,male,3m
J4.D042479.3_8_M.1.1,naive B cell,3_8_M,male,3m
J4.MAA000844.3_10_M.1.1,naive B cell,3_10_M,male,3m
J5.D042193.3_8_M.1.1,naive B cell,3_8_M,male,3m
J7.D042193.3_8_M.1.1,naive B cell,3_8_M,male,3m
J8.D042193.3_8_M.1.1,naive B cell,3_8_M,male,3m
K10.MAA000844.3_10_M.1.1,naive B cell,3_10_M,male,3m
K11.MAA000844.3_10_M.1.1,naive B cell,3_10_M,male,3m
K12.MAA000844.3_10_M.1.1,naive B cell,3_10_M,male,3m
K13.D042467.3_9_M.1.1,naive B cell,3_9_M,male,3m
K14.D042479.3_8_M.1.1,naive B cell,3_8_M,male,3m
K14.MAA000652.3_10_M.1.1,naive B cell,3_10_M,male,3m
K14.MAA000844.3_10_M.1.1,naive B cell,3_10_M,male,3m
K15.D042467.3_9_M.1.1,naive B cell,3_9_M,male,3m
K16.D042193.3_8_M.1.1,naive B cell,3_8_M,male,3m
K16.D042467.3_9_M.1.1,naive B cell,3_9_M,male,3m
K16.MAA000844.3_10_M.1.1,naive B cell,3_10_M,male,3m
K17.D042467.3_9_M.1.1,naive B cell,3_9_M,male,3m
K18.D042044.3_9_M.1.1,naive B cell,3_9_M,male,3m
K18.D042479.3_8_M.1.1,naive B cell,3_8_M,male,3m
K19.D042044.3_9_M.1.1,naive B cell,3_9_M,male,3m
K19.D042193.3_8_M.1.1,naive B cell,3_8_M,male,3m
K2.D042193.3_8_M.1.1,naive B cell,3_8_M,male,3m
K2.MAA000844.3_10_M.1.1,naive B cell,3_10_M,male,3m
K21.MAA000652.3_10_M.1.1,naive B cell,3_10_M,male,3m
K4.D042193.3_8_M.1.1,naive B cell,3_8_M,male,3m
K5.D042044.3_9_M.1.1,naive B cell,3_9_M,male,3m
K5.D042479.3_8_M.1.1,naive B cell,3_8_M,male,3m
K9.D042193.3_8_M.1.1,naive B cell,3_8_M,male,3m
K9.D042467.3_9_M.1.1,naive B cell,3_9_M,male,3m
L10.D042044.3_9_M.1.1,naive B cell,3_9_M,male,3m
L10.D042467.3_9_M.1.1,naive B cell,3_9_M,male,3m
L11.D042467.3_9_M.1.1,naive B cell,3_9_M,male,3m
L12.D042044.3_9_M.1.1,naive B cell,3_9_M,male,3m
L13.D042467.3_9_M.1.1,naive B cell,3_9_M,male,3m
L13.MAA000652.3_10_M.1.1,naive B cell,3_10_M,male,3m
L14.D042193.3_8_M.1.1,naive B cell,3_8_M,male,3m
L14.D042479.3_8_M.1.1,naive B cell,3_8_M,male,3m
L14.MAA000844.3_10_M.1.1,naive B cell,3_10_M,male,3m
L16.D042467.3_9_M.1.1,naive B cell,3_9_M,male,3m
L16.MAA000844.3_10_M.1.1,naive B cell,3_10_M,male,3m
L17.D042193.3_8_M.1.1,naive B cell,3_8_M,male,3m
L17.MAA000652.3_10_M.1.1,naive B cell,3_10_M,male,3m
L18.D042044.3_9_M.1.1,naive B cell,3_9_M,male,3m
L18.D042193.3_8_M.1.1,naive B cell,3_8_M,male,3m
L18.MAA000844.3_10_M.1.1,naive B cell,3_10_M,male,3m
L19.D042467.3_9_M.1.1,naive B cell,3_9_M,male,3m
L20.D042193.3_8_M.1.1,naive B cell,3_8_M,male,3m
L21.MAA000844.3_10_M.1.1,naive B cell,3_10_M,male,3m
L22.D042193.3_8_M.1.1,naive B cell,3_8_M,male,3m
L22.MAA000844.3_10_M.1.1,naive B cell,3_10_M,male,3m
L3.MAA000652.3_10_M.1.1,naive B cell,3_10_M,male,3m
L4.D042044.3_9_M.1.1,naive B cell,3_9_M,male,3m
L4.D042193.3_8_M.1.1,naive B cell,3_8_M,male,3m
L4.MAA000844.3_10_M.1.1,naive B cell,3_10_M,male,3m
L5.D042193.3_8_M.1.1,naive B cell,3_8_M,male,3m
L6.MAA000844.3_10_M.1.1,naive B cell,3_10_M,male,3m
L8.D042193.3_8_M.1.1,naive B cell,3_8_M,male,3m
M10.MAA000844.3_10_M.1.1,naive B cell,3_10_M,male,3m
M11.D042467.3_9_M.1.1,naive B cell,3_9_M,male,3m
M11.D042479.3_8_M.1.1,naive B cell,3_8_M,male,3m
M12.D042193.3_8_M.1.1,naive B cell,3_8_M,male,3m
M12.D042467.3_9_M.1.1,naive B cell,3_9_M,male,3m
M14.D042044.3_9_M.1.1,naive B cell,3_9_M,male,3m
M14.D042467.3_9_M.1.1,naive B cell,3_9_M,male,3m
M15.MAA000844.3_10_M.1.1,naive B cell,3_10_M,male,3m
M17.D042467.3_9_M.1.1,naive B cell,3_9_M,male,3m
M17.MAA000844.3_10_M.1.1,naive B cell,3_10_M,male,3m
M18.D042044.3_9_M.1.1,naive B cell,3_9_M,male,3m
M19.D042044.3_9_M.1.1,naive B cell,3_9_M,male,3m
M19.D042467.3_9_M.1.1,naive B cell,3_9_M,male,3m
M2.D042193.3_8_M.1.1,naive B cell,3_8_M,male,3m
M20.MAA000844.3_10_M.1.1,naive B cell,3_10_M,male,3m
M21.D042467.3_9_M.1.1,naive B cell,3_9_M,male,3m
M22.D042044.3_9_M.1.1,naive B cell,3_9_M,male,3m
M22.D042193.3_8_M.1.1,naive B cell,3_8_M,male,3m
M22.D042467.3_9_M.1.1,naive B cell,3_9_M,male,3m
M5.D042479.3_8_M.1.1,naive B cell,3_8_M,male,3m
M5.MAA000652.3_10_M.1.1,naive B cell,3_10_M,male,3m
M6.D042044.3_9_M.1.1,naive B cell,3_9_M,male,3m
M7.MAA000652.3_10_M.1.1,naive B cell,3_10_M,male,3m
M8.D042193.3_8_M.1.1,naive B cell,3_8_M,male,3m
M9.D042193.3_8_M.1.1,naive B cell,3_8_M,male,3m
N1.D042044.3_9_M.1.1,naive B cell,3_9_M,male,3m
N10.D042044.3_9_M.1.1,naive B cell,3_9_M,male,3m
N11.D042044.3_9_M.1.1,naive B cell,3_9_M,male,3m
N12.D042193.3_8_M.1.1,naive B cell,3_8_M,male,3m
N13.D042044.3_9_M.1.1,naive B cell,3_9_M,male,3m
N13.D042193.3_8_M.1.1,naive B cell,3_8_M,male,3m
N13.MAA000844.3_10_M.1.1,naive B cell,3_10_M,male,3m
N14.D042044.3_9_M.1.1,naive B cell,3_9_M,male,3m
N14.MAA000652.3_10_M.1.1,naive B cell,3_10_M,male,3m
N15.D042467.3_9_M.1.1,naive B cell,3_9_M,male,3m
N17.MAA000844.3_10_M.1.1,naive B cell,3_10_M,male,3m
N18.D042467.3_9_M.1.1,naive B cell,3_9_M,male,3m
N2.D042044.3_9_M.1.1,naive B cell,3_9_M,male,3m
N22.D042044.3_9_M.1.1,naive B cell,3_9_M,male,3m
N22.D042479.3_8_M.1.1,naive B cell,3_8_M,male,3m
N3.D042479.3_8_M.1.1,naive B cell,3_8_M,male,3m
N3.MAA000844.3_10_M.1.1,naive B cell,3_10_M,male,3m
N4.MAA000652.3_10_M.1.1,naive B cell,3_10_M,male,3m
N5.MAA000652.3_10_M.1.1,naive B cell,3_10_M,male,3m
N7.D042193.3_8_M.1.1,naive B cell,3_8_M,male,3m
N7.MAA000844.3_10_M.1.1,naive B cell,3_10_M,male,3m
O1.D042044.3_9_M.1.1,naive B cell,3_9_M,male,3m
O1.MAA000652.3_10_M.1.1,naive B cell,3_10_M,male,3m
O10.D042479.3_8_M.1.1,naive B cell,3_8_M,male,3m
O10.MAA000844.3_10_M.1.1,naive B cell,3_10_M,male,3m
O12.D042193.3_8_M.1.1,naive B cell,3_8_M,male,3m
O12.D042467.3_9_M.1.1,naive B cell,3_9_M,male,3m
O13.D042193.3_8_M.1.1,naive B cell,3_8_M,male,3m
O13.MAA000652.3_10_M.1.1,naive B cell,3_10_M,male,3m
O14.D042479.3_8_M.1.1,naive B cell,3_8_M,male,3m
O14.MAA000844.3_10_M.1.1,naive B cell,3_10_M,male,3m
O15.D042044.3_9_M.1.1,naive B cell,3_9_M,male,3m
O15.D042479.3_8_M.1.1,naive B cell,3_8_M,male,3m
O16.D042193.3_8_M.1.1,naive B cell,3_8_M,male,3m
O16.D042467.3_9_M.1.1,naive B cell,3_9_M,male,3m
O17.D042193.3_8_M.1.1,naive B cell,3_8_M,male,3m
O17.MAA000652.3_10_M.1.1,naive B cell,3_10_M,male,3m
O19.MAA000652.3_10_M.1.1,naive B cell,3_10_M,male,3m
O2.D042193.3_8_M.1.1,naive B cell,3_8_M,male,3m
O2.D042467.3_9_M.1.1,naive B cell,3_9_M,male,3m
O20.D042479.3_8_M.1.1,naive B cell,3_8_M,male,3m
O21.D042044.3_9_M.1.1,naive B cell,3_9_M,male,3m
O21.MAA000652.3_10_M.1.1,naive B cell,3_10_M,male,3m
O22.D042193.3_8_M.1.1,naive B cell,3_8_M,male,3m
O22.MAA000844.3_10_M.1.1,naive B cell,3_10_M,male,3m
O3.MAA000652.3_10_M.1.1,naive B cell,3_10_M,male,3m
O5.D042044.3_9_M.1.1,naive B cell,3_9_M,male,3m
O5.D042193.3_8_M.1.1,naive B cell,3_8_M,male,3m
O5.D042467.3_9_M.1.1,naive B cell,3_9_M,male,3m
O7.D042044.3_9_M.1.1,naive B cell,3_9_M,male,3m
O9.MAA000844.3_10_M.1.1,naive B cell,3_10_M,male,3m
P10.D042193.3_8_M.1.1,naive B cell,3_8_M,male,3m
P10.MAA000844.3_10_M.1.1,naive B cell,3_10_M,male,3m
P11.D042044.3_9_M.1.1,naive B cell,3_9_M,male,3m
P11.D042193.3_8_M.1.1,naive B cell,3_8_M,male,3m
P12.D042193.3_8_M.1.1,naive B cell,3_8_M,male,3m
P13.D042044.3_9_M.1.1,naive B cell,3_9_M,male,3m
P14.D042193.3_8_M.1.1,naive B cell,3_8_M,male,3m
P14.D042467.3_9_M.1.1,naive B cell,3_9_M,male,3m
P14.D042479.3_8_M.1.1,naive B cell,3_8_M,male,3m
P14.MAA000844.3_10_M.1.1,naive B cell,3_10_M,male,3m
P15.D042467.3_9_M.1.1,naive B cell,3_9_M,male,3m
P16.D042044.3_9_M.1.1,naive B cell,3_9_M,male,3m
P17.MAA000652.3_10_M.1.1,naive B cell,3_10_M,male,3m
P17.MAA000844.3_10_M.1.1,naive B cell,3_10_M,male,3m
P18.D042044.3_9_M.1.1,naive B cell,3_9_M,male,3m
P19.D042193.3_8_M.1.1,naive B cell,3_8_M,male,3m
P19.MAA000652.3_10_M.1.1,naive B cell,3_10_M,male,3m
P2.D042193.3_8_M.1.1,naive B cell,3_8_M,male,3m
P2.D042479.3_8_M.1.1,naive B cell,3_8_M,male,3m
P2.MAA000596.3_9_M.1.1,naive B cell,3_9_M,male,3m
P20.D042479.3_8_M.1.1,naive B cell,3_8_M,male,3m
P21.D042044.3_9_M.1.1,naive B cell,3_9_M,male,3m
P21.MAA000844.3_10_M.1.1,naive B cell,3_10_M,male,3m
P22.MAA000652.3_10_M.1.1,naive B cell,3_10_M,male,3m
P3.D042467.3_9_M.1.1,naive B cell,3_9_M,male,3m
P3.D042479.3_8_M.1.1,naive B cell,3_8_M,male,3m
P3.MAA000844.3_10_M.1.1,naive B cell,3_10_M,male,3m
P6.D042193.3_8_M.1.1,naive B cell,3_8_M,male,3m
P7.D042044.3_9_M.1.1,naive B cell,3_9_M,male,3m
P7.MAA000844.3_10_M.1.1,naive B cell,3_10_M,male,3m
P8.D041912.3_8_M.1.1,naive B cell,3_8_M,male,3m
P8.D042467.3_9_M.1.1,naive B cell,3_9_M,male,3m
